"Kod";"Nazwa";"Okresy";"Migracje";"Rok";"Wartosc";"Jednostka miary";"Atrybut";
0200000;"DOLNOŚLĄSKIE";"rok";"saldo migracji wewnętrznych";"2005";-930;"osoba";"";
0200000;"DOLNOŚLĄSKIE";"rok";"saldo migracji wewnętrznych";"2006";404;"osoba";"";
0200000;"DOLNOŚLĄSKIE";"rok";"saldo migracji wewnętrznych";"2007";347;"osoba";"";
0200000;"DOLNOŚLĄSKIE";"rok";"saldo migracji wewnętrznych";"2008";526;"osoba";"";
0200000;"DOLNOŚLĄSKIE";"rok";"saldo migracji wewnętrznych";"2009";1131;"osoba";"";
0200000;"DOLNOŚLĄSKIE";"rok";"saldo migracji wewnętrznych";"2010";1579;"osoba";"";
0200000;"DOLNOŚLĄSKIE";"rok";"saldo migracji wewnętrznych";"2011";1559;"osoba";"";
0200000;"DOLNOŚLĄSKIE";"rok";"saldo migracji wewnętrznych";"2012";1735;"osoba";"";
0200000;"DOLNOŚLĄSKIE";"rok";"saldo migracji wewnętrznych";"2013";2391;"osoba";"";
0200000;"DOLNOŚLĄSKIE";"rok";"saldo migracji wewnętrznych";"2014";2426;"osoba";"";
0200000;"DOLNOŚLĄSKIE";"rok";"saldo migracji wewnętrznych";"2015";2652;"osoba";"";
0200000;"DOLNOŚLĄSKIE";"rok";"saldo migracji wewnętrznych";"2016";2659;"osoba";"";
0200000;"DOLNOŚLĄSKIE";"rok";"saldo migracji wewnętrznych";"2017";2595;"osoba";"";
0200000;"DOLNOŚLĄSKIE";"rok";"saldo migracji wewnętrznych";"2018";3200;"osoba";"";
0200000;"DOLNOŚLĄSKIE";"rok";"saldo migracji wewnętrznych";"2019";4215;"osoba";"";
0200000;"DOLNOŚLĄSKIE";"rok";"saldo migracji wewnętrznych";"2020";3295;"osoba";"";
0200000;"DOLNOŚLĄSKIE";"rok";"saldo migracji wewnętrznych";"2021";3305;"osoba";"";
0200000;"DOLNOŚLĄSKIE";"rok";"saldo migracji wewnętrznych";"2022";3695;"osoba";"";
0200000;"DOLNOŚLĄSKIE";"rok";"saldo migracji wewnętrznych";"2023";3617;"osoba";"";
0200000;"DOLNOŚLĄSKIE";"rok";"saldo migracji zagranicznych";"2005";-919;"osoba";"";
0200000;"DOLNOŚLĄSKIE";"rok";"saldo migracji zagranicznych";"2006";-4030;"osoba";"";
0200000;"DOLNOŚLĄSKIE";"rok";"saldo migracji zagranicznych";"2007";-1917;"osoba";"";
0200000;"DOLNOŚLĄSKIE";"rok";"saldo migracji zagranicznych";"2008";-1686;"osoba";"";
0200000;"DOLNOŚLĄSKIE";"rok";"saldo migracji zagranicznych";"2009";-224;"osoba";"";
0200000;"DOLNOŚLĄSKIE";"rok";"saldo migracji zagranicznych";"2010";-194;"osoba";"";
0200000;"DOLNOŚLĄSKIE";"rok";"saldo migracji zagranicznych";"2011";-488;"osoba";"";
0200000;"DOLNOŚLĄSKIE";"rok";"saldo migracji zagranicznych";"2012";-795;"osoba";"";
0200000;"DOLNOŚLĄSKIE";"rok";"saldo migracji zagranicznych";"2013";-2364;"osoba";"";
0200000;"DOLNOŚLĄSKIE";"rok";"saldo migracji zagranicznych";"2014";-1870;"osoba";"";
0200000;"DOLNOŚLĄSKIE";"rok";"saldo migracji zagranicznych";"2015";0;"osoba";"x";
0200000;"DOLNOŚLĄSKIE";"rok";"saldo migracji zagranicznych";"2016";150;"osoba";"";
0200000;"DOLNOŚLĄSKIE";"rok";"saldo migracji zagranicznych";"2017";188;"osoba";"";
0200000;"DOLNOŚLĄSKIE";"rok";"saldo migracji zagranicznych";"2018";512;"osoba";"";
0200000;"DOLNOŚLĄSKIE";"rok";"saldo migracji zagranicznych";"2019";624;"osoba";"";
0200000;"DOLNOŚLĄSKIE";"rok";"saldo migracji zagranicznych";"2020";549;"osoba";"";
0200000;"DOLNOŚLĄSKIE";"rok";"saldo migracji zagranicznych";"2021";265;"osoba";"";
0200000;"DOLNOŚLĄSKIE";"rok";"saldo migracji zagranicznych";"2022";-106;"osoba";"";
0200000;"DOLNOŚLĄSKIE";"rok";"saldo migracji zagranicznych";"2023";426;"osoba";"";
0400000;"KUJAWSKO-POMORSKIE";"rok";"saldo migracji wewnętrznych";"2005";-1550;"osoba";"";
0400000;"KUJAWSKO-POMORSKIE";"rok";"saldo migracji wewnętrznych";"2006";-1623;"osoba";"";
0400000;"KUJAWSKO-POMORSKIE";"rok";"saldo migracji wewnętrznych";"2007";-1464;"osoba";"";
0400000;"KUJAWSKO-POMORSKIE";"rok";"saldo migracji wewnętrznych";"2008";-1059;"osoba";"";
0400000;"KUJAWSKO-POMORSKIE";"rok";"saldo migracji wewnętrznych";"2009";-1315;"osoba";"";
0400000;"KUJAWSKO-POMORSKIE";"rok";"saldo migracji wewnętrznych";"2010";-1443;"osoba";"";
0400000;"KUJAWSKO-POMORSKIE";"rok";"saldo migracji wewnętrznych";"2011";-1321;"osoba";"";
0400000;"KUJAWSKO-POMORSKIE";"rok";"saldo migracji wewnętrznych";"2012";-1528;"osoba";"";
0400000;"KUJAWSKO-POMORSKIE";"rok";"saldo migracji wewnętrznych";"2013";-1619;"osoba";"";
0400000;"KUJAWSKO-POMORSKIE";"rok";"saldo migracji wewnętrznych";"2014";-1738;"osoba";"";
0400000;"KUJAWSKO-POMORSKIE";"rok";"saldo migracji wewnętrznych";"2015";-1749;"osoba";"";
0400000;"KUJAWSKO-POMORSKIE";"rok";"saldo migracji wewnętrznych";"2016";-1719;"osoba";"";
0400000;"KUJAWSKO-POMORSKIE";"rok";"saldo migracji wewnętrznych";"2017";-1515;"osoba";"";
0400000;"KUJAWSKO-POMORSKIE";"rok";"saldo migracji wewnętrznych";"2018";-2541;"osoba";"";
0400000;"KUJAWSKO-POMORSKIE";"rok";"saldo migracji wewnętrznych";"2019";-2921;"osoba";"";
0400000;"KUJAWSKO-POMORSKIE";"rok";"saldo migracji wewnętrznych";"2020";-2112;"osoba";"";
0400000;"KUJAWSKO-POMORSKIE";"rok";"saldo migracji wewnętrznych";"2021";-2204;"osoba";"";
0400000;"KUJAWSKO-POMORSKIE";"rok";"saldo migracji wewnętrznych";"2022";-1746;"osoba";"";
0400000;"KUJAWSKO-POMORSKIE";"rok";"saldo migracji wewnętrznych";"2023";-2116;"osoba";"";
0400000;"KUJAWSKO-POMORSKIE";"rok";"saldo migracji zagranicznych";"2005";-530;"osoba";"";
0400000;"KUJAWSKO-POMORSKIE";"rok";"saldo migracji zagranicznych";"2006";-1964;"osoba";"";
0400000;"KUJAWSKO-POMORSKIE";"rok";"saldo migracji zagranicznych";"2007";-908;"osoba";"";
0400000;"KUJAWSKO-POMORSKIE";"rok";"saldo migracji zagranicznych";"2008";-622;"osoba";"";
0400000;"KUJAWSKO-POMORSKIE";"rok";"saldo migracji zagranicznych";"2009";-82;"osoba";"";
0400000;"KUJAWSKO-POMORSKIE";"rok";"saldo migracji zagranicznych";"2010";-240;"osoba";"";
0400000;"KUJAWSKO-POMORSKIE";"rok";"saldo migracji zagranicznych";"2011";-328;"osoba";"";
0400000;"KUJAWSKO-POMORSKIE";"rok";"saldo migracji zagranicznych";"2012";-478;"osoba";"";
0400000;"KUJAWSKO-POMORSKIE";"rok";"saldo migracji zagranicznych";"2013";-1026;"osoba";"";
0400000;"KUJAWSKO-POMORSKIE";"rok";"saldo migracji zagranicznych";"2014";-1100;"osoba";"";
0400000;"KUJAWSKO-POMORSKIE";"rok";"saldo migracji zagranicznych";"2015";0;"osoba";"x";
0400000;"KUJAWSKO-POMORSKIE";"rok";"saldo migracji zagranicznych";"2016";97;"osoba";"";
0400000;"KUJAWSKO-POMORSKIE";"rok";"saldo migracji zagranicznych";"2017";211;"osoba";"";
0400000;"KUJAWSKO-POMORSKIE";"rok";"saldo migracji zagranicznych";"2018";78;"osoba";"";
0400000;"KUJAWSKO-POMORSKIE";"rok";"saldo migracji zagranicznych";"2019";255;"osoba";"";
0400000;"KUJAWSKO-POMORSKIE";"rok";"saldo migracji zagranicznych";"2020";94;"osoba";"";
0400000;"KUJAWSKO-POMORSKIE";"rok";"saldo migracji zagranicznych";"2021";15;"osoba";"";
0400000;"KUJAWSKO-POMORSKIE";"rok";"saldo migracji zagranicznych";"2022";-82;"osoba";"";
0400000;"KUJAWSKO-POMORSKIE";"rok";"saldo migracji zagranicznych";"2023";92;"osoba";"";
0600000;"LUBELSKIE";"rok";"saldo migracji wewnętrznych";"2005";-4905;"osoba";"";
0600000;"LUBELSKIE";"rok";"saldo migracji wewnętrznych";"2006";-5160;"osoba";"";
0600000;"LUBELSKIE";"rok";"saldo migracji wewnętrznych";"2007";-5143;"osoba";"";
0600000;"LUBELSKIE";"rok";"saldo migracji wewnętrznych";"2008";-4118;"osoba";"";
0600000;"LUBELSKIE";"rok";"saldo migracji wewnętrznych";"2009";-4237;"osoba";"";
0600000;"LUBELSKIE";"rok";"saldo migracji wewnętrznych";"2010";-4867;"osoba";"";
0600000;"LUBELSKIE";"rok";"saldo migracji wewnętrznych";"2011";-4960;"osoba";"";
0600000;"LUBELSKIE";"rok";"saldo migracji wewnętrznych";"2012";-5018;"osoba";"";
0600000;"LUBELSKIE";"rok";"saldo migracji wewnętrznych";"2013";-4954;"osoba";"";
0600000;"LUBELSKIE";"rok";"saldo migracji wewnętrznych";"2014";-5125;"osoba";"";
0600000;"LUBELSKIE";"rok";"saldo migracji wewnętrznych";"2015";-4814;"osoba";"";
0600000;"LUBELSKIE";"rok";"saldo migracji wewnętrznych";"2016";-4452;"osoba";"";
0600000;"LUBELSKIE";"rok";"saldo migracji wewnętrznych";"2017";-5072;"osoba";"";
0600000;"LUBELSKIE";"rok";"saldo migracji wewnętrznych";"2018";-5804;"osoba";"";
0600000;"LUBELSKIE";"rok";"saldo migracji wewnętrznych";"2019";-6495;"osoba";"";
0600000;"LUBELSKIE";"rok";"saldo migracji wewnętrznych";"2020";-4685;"osoba";"";
0600000;"LUBELSKIE";"rok";"saldo migracji wewnętrznych";"2021";-5021;"osoba";"";
0600000;"LUBELSKIE";"rok";"saldo migracji wewnętrznych";"2022";-4686;"osoba";"";
0600000;"LUBELSKIE";"rok";"saldo migracji wewnętrznych";"2023";-4707;"osoba";"";
0600000;"LUBELSKIE";"rok";"saldo migracji zagranicznych";"2005";4;"osoba";"";
0600000;"LUBELSKIE";"rok";"saldo migracji zagranicznych";"2006";-1433;"osoba";"";
0600000;"LUBELSKIE";"rok";"saldo migracji zagranicznych";"2007";-608;"osoba";"";
0600000;"LUBELSKIE";"rok";"saldo migracji zagranicznych";"2008";-315;"osoba";"";
0600000;"LUBELSKIE";"rok";"saldo migracji zagranicznych";"2009";84;"osoba";"";
0600000;"LUBELSKIE";"rok";"saldo migracji zagranicznych";"2010";-38;"osoba";"";
0600000;"LUBELSKIE";"rok";"saldo migracji zagranicznych";"2011";-176;"osoba";"";
0600000;"LUBELSKIE";"rok";"saldo migracji zagranicznych";"2012";-154;"osoba";"";
0600000;"LUBELSKIE";"rok";"saldo migracji zagranicznych";"2013";-673;"osoba";"";
0600000;"LUBELSKIE";"rok";"saldo migracji zagranicznych";"2014";-635;"osoba";"";
0600000;"LUBELSKIE";"rok";"saldo migracji zagranicznych";"2015";0;"osoba";"x";
0600000;"LUBELSKIE";"rok";"saldo migracji zagranicznych";"2016";385;"osoba";"";
0600000;"LUBELSKIE";"rok";"saldo migracji zagranicznych";"2017";341;"osoba";"";
0600000;"LUBELSKIE";"rok";"saldo migracji zagranicznych";"2018";445;"osoba";"";
0600000;"LUBELSKIE";"rok";"saldo migracji zagranicznych";"2019";464;"osoba";"";
0600000;"LUBELSKIE";"rok";"saldo migracji zagranicznych";"2020";347;"osoba";"";
0600000;"LUBELSKIE";"rok";"saldo migracji zagranicznych";"2021";255;"osoba";"";
0600000;"LUBELSKIE";"rok";"saldo migracji zagranicznych";"2022";185;"osoba";"";
0600000;"LUBELSKIE";"rok";"saldo migracji zagranicznych";"2023";239;"osoba";"";
0800000;"LUBUSKIE";"rok";"saldo migracji wewnętrznych";"2005";-435;"osoba";"";
0800000;"LUBUSKIE";"rok";"saldo migracji wewnętrznych";"2006";-527;"osoba";"";
0800000;"LUBUSKIE";"rok";"saldo migracji wewnętrznych";"2007";-479;"osoba";"";
0800000;"LUBUSKIE";"rok";"saldo migracji wewnętrznych";"2008";-219;"osoba";"";
0800000;"LUBUSKIE";"rok";"saldo migracji wewnętrznych";"2009";-450;"osoba";"";
0800000;"LUBUSKIE";"rok";"saldo migracji wewnętrznych";"2010";-474;"osoba";"";
0800000;"LUBUSKIE";"rok";"saldo migracji wewnętrznych";"2011";-665;"osoba";"";
0800000;"LUBUSKIE";"rok";"saldo migracji wewnętrznych";"2012";-441;"osoba";"";
0800000;"LUBUSKIE";"rok";"saldo migracji wewnętrznych";"2013";-743;"osoba";"";
0800000;"LUBUSKIE";"rok";"saldo migracji wewnętrznych";"2014";-660;"osoba";"";
0800000;"LUBUSKIE";"rok";"saldo migracji wewnętrznych";"2015";-893;"osoba";"";
0800000;"LUBUSKIE";"rok";"saldo migracji wewnętrznych";"2016";-740;"osoba";"";
0800000;"LUBUSKIE";"rok";"saldo migracji wewnętrznych";"2017";-788;"osoba";"";
0800000;"LUBUSKIE";"rok";"saldo migracji wewnętrznych";"2018";-971;"osoba";"";
0800000;"LUBUSKIE";"rok";"saldo migracji wewnętrznych";"2019";-1245;"osoba";"";
0800000;"LUBUSKIE";"rok";"saldo migracji wewnętrznych";"2020";-842;"osoba";"";
0800000;"LUBUSKIE";"rok";"saldo migracji wewnętrznych";"2021";-1068;"osoba";"";
0800000;"LUBUSKIE";"rok";"saldo migracji wewnętrznych";"2022";-861;"osoba";"";
0800000;"LUBUSKIE";"rok";"saldo migracji wewnętrznych";"2023";-753;"osoba";"";
0800000;"LUBUSKIE";"rok";"saldo migracji zagranicznych";"2005";-211;"osoba";"";
0800000;"LUBUSKIE";"rok";"saldo migracji zagranicznych";"2006";-1067;"osoba";"";
0800000;"LUBUSKIE";"rok";"saldo migracji zagranicznych";"2007";-736;"osoba";"";
0800000;"LUBUSKIE";"rok";"saldo migracji zagranicznych";"2008";-463;"osoba";"";
0800000;"LUBUSKIE";"rok";"saldo migracji zagranicznych";"2009";-23;"osoba";"";
0800000;"LUBUSKIE";"rok";"saldo migracji zagranicznych";"2010";0;"osoba";"z";
0800000;"LUBUSKIE";"rok";"saldo migracji zagranicznych";"2011";-165;"osoba";"";
0800000;"LUBUSKIE";"rok";"saldo migracji zagranicznych";"2012";-181;"osoba";"";
0800000;"LUBUSKIE";"rok";"saldo migracji zagranicznych";"2013";-635;"osoba";"";
0800000;"LUBUSKIE";"rok";"saldo migracji zagranicznych";"2014";-663;"osoba";"";
0800000;"LUBUSKIE";"rok";"saldo migracji zagranicznych";"2015";0;"osoba";"x";
0800000;"LUBUSKIE";"rok";"saldo migracji zagranicznych";"2016";-91;"osoba";"";
0800000;"LUBUSKIE";"rok";"saldo migracji zagranicznych";"2017";-169;"osoba";"";
0800000;"LUBUSKIE";"rok";"saldo migracji zagranicznych";"2018";-7;"osoba";"";
0800000;"LUBUSKIE";"rok";"saldo migracji zagranicznych";"2019";144;"osoba";"";
0800000;"LUBUSKIE";"rok";"saldo migracji zagranicznych";"2020";125;"osoba";"";
0800000;"LUBUSKIE";"rok";"saldo migracji zagranicznych";"2021";104;"osoba";"";
0800000;"LUBUSKIE";"rok";"saldo migracji zagranicznych";"2022";90;"osoba";"";
0800000;"LUBUSKIE";"rok";"saldo migracji zagranicznych";"2023";127;"osoba";"";
1000000;"ŁÓDZKIE";"rok";"saldo migracji wewnętrznych";"2005";-1564;"osoba";"";
1000000;"ŁÓDZKIE";"rok";"saldo migracji wewnętrznych";"2006";-1771;"osoba";"";
1000000;"ŁÓDZKIE";"rok";"saldo migracji wewnętrznych";"2007";-1653;"osoba";"";
1000000;"ŁÓDZKIE";"rok";"saldo migracji wewnętrznych";"2008";-1343;"osoba";"";
1000000;"ŁÓDZKIE";"rok";"saldo migracji wewnętrznych";"2009";-1372;"osoba";"";
1000000;"ŁÓDZKIE";"rok";"saldo migracji wewnętrznych";"2010";-1757;"osoba";"";
1000000;"ŁÓDZKIE";"rok";"saldo migracji wewnętrznych";"2011";-1844;"osoba";"";
1000000;"ŁÓDZKIE";"rok";"saldo migracji wewnętrznych";"2012";-1643;"osoba";"";
1000000;"ŁÓDZKIE";"rok";"saldo migracji wewnętrznych";"2013";-2104;"osoba";"";
1000000;"ŁÓDZKIE";"rok";"saldo migracji wewnętrznych";"2014";-1701;"osoba";"";
1000000;"ŁÓDZKIE";"rok";"saldo migracji wewnętrznych";"2015";-1727;"osoba";"";
1000000;"ŁÓDZKIE";"rok";"saldo migracji wewnętrznych";"2016";-1695;"osoba";"";
1000000;"ŁÓDZKIE";"rok";"saldo migracji wewnętrznych";"2017";-1961;"osoba";"";
1000000;"ŁÓDZKIE";"rok";"saldo migracji wewnętrznych";"2018";-2163;"osoba";"";
1000000;"ŁÓDZKIE";"rok";"saldo migracji wewnętrznych";"2019";-2824;"osoba";"";
1000000;"ŁÓDZKIE";"rok";"saldo migracji wewnętrznych";"2020";-1812;"osoba";"";
1000000;"ŁÓDZKIE";"rok";"saldo migracji wewnętrznych";"2021";-2282;"osoba";"";
1000000;"ŁÓDZKIE";"rok";"saldo migracji wewnętrznych";"2022";-1649;"osoba";"";
1000000;"ŁÓDZKIE";"rok";"saldo migracji wewnętrznych";"2023";-2099;"osoba";"";
1000000;"ŁÓDZKIE";"rok";"saldo migracji zagranicznych";"2005";-201;"osoba";"";
1000000;"ŁÓDZKIE";"rok";"saldo migracji zagranicznych";"2006";-1138;"osoba";"";
1000000;"ŁÓDZKIE";"rok";"saldo migracji zagranicznych";"2007";-475;"osoba";"";
1000000;"ŁÓDZKIE";"rok";"saldo migracji zagranicznych";"2008";-349;"osoba";"";
1000000;"ŁÓDZKIE";"rok";"saldo migracji zagranicznych";"2009";108;"osoba";"";
1000000;"ŁÓDZKIE";"rok";"saldo migracji zagranicznych";"2010";-23;"osoba";"";
1000000;"ŁÓDZKIE";"rok";"saldo migracji zagranicznych";"2011";-47;"osoba";"";
1000000;"ŁÓDZKIE";"rok";"saldo migracji zagranicznych";"2012";-185;"osoba";"";
1000000;"ŁÓDZKIE";"rok";"saldo migracji zagranicznych";"2013";-574;"osoba";"";
1000000;"ŁÓDZKIE";"rok";"saldo migracji zagranicznych";"2014";-344;"osoba";"";
1000000;"ŁÓDZKIE";"rok";"saldo migracji zagranicznych";"2015";0;"osoba";"x";
1000000;"ŁÓDZKIE";"rok";"saldo migracji zagranicznych";"2016";278;"osoba";"";
1000000;"ŁÓDZKIE";"rok";"saldo migracji zagranicznych";"2017";172;"osoba";"";
1000000;"ŁÓDZKIE";"rok";"saldo migracji zagranicznych";"2018";304;"osoba";"";
1000000;"ŁÓDZKIE";"rok";"saldo migracji zagranicznych";"2019";314;"osoba";"";
1000000;"ŁÓDZKIE";"rok";"saldo migracji zagranicznych";"2020";140;"osoba";"";
1000000;"ŁÓDZKIE";"rok";"saldo migracji zagranicznych";"2021";139;"osoba";"";
1000000;"ŁÓDZKIE";"rok";"saldo migracji zagranicznych";"2022";79;"osoba";"";
1000000;"ŁÓDZKIE";"rok";"saldo migracji zagranicznych";"2023";299;"osoba";"";
1200000;"MAŁOPOLSKIE";"rok";"saldo migracji wewnętrznych";"2005";3153;"osoba";"";
1200000;"MAŁOPOLSKIE";"rok";"saldo migracji wewnętrznych";"2006";3309;"osoba";"";
1200000;"MAŁOPOLSKIE";"rok";"saldo migracji wewnętrznych";"2007";3323;"osoba";"";
1200000;"MAŁOPOLSKIE";"rok";"saldo migracji wewnętrznych";"2008";2801;"osoba";"";
1200000;"MAŁOPOLSKIE";"rok";"saldo migracji wewnętrznych";"2009";3643;"osoba";"";
1200000;"MAŁOPOLSKIE";"rok";"saldo migracji wewnętrznych";"2010";3673;"osoba";"";
1200000;"MAŁOPOLSKIE";"rok";"saldo migracji wewnętrznych";"2011";3783;"osoba";"";
1200000;"MAŁOPOLSKIE";"rok";"saldo migracji wewnętrznych";"2012";3354;"osoba";"";
1200000;"MAŁOPOLSKIE";"rok";"saldo migracji wewnętrznych";"2013";3775;"osoba";"";
1200000;"MAŁOPOLSKIE";"rok";"saldo migracji wewnętrznych";"2014";3572;"osoba";"";
1200000;"MAŁOPOLSKIE";"rok";"saldo migracji wewnętrznych";"2015";3770;"osoba";"";
1200000;"MAŁOPOLSKIE";"rok";"saldo migracji wewnętrznych";"2016";3376;"osoba";"";
1200000;"MAŁOPOLSKIE";"rok";"saldo migracji wewnętrznych";"2017";3760;"osoba";"";
1200000;"MAŁOPOLSKIE";"rok";"saldo migracji wewnętrznych";"2018";4842;"osoba";"";
1200000;"MAŁOPOLSKIE";"rok";"saldo migracji wewnętrznych";"2019";5914;"osoba";"";
1200000;"MAŁOPOLSKIE";"rok";"saldo migracji wewnętrznych";"2020";3412;"osoba";"";
1200000;"MAŁOPOLSKIE";"rok";"saldo migracji wewnętrznych";"2021";4112;"osoba";"";
1200000;"MAŁOPOLSKIE";"rok";"saldo migracji wewnętrznych";"2022";3553;"osoba";"";
1200000;"MAŁOPOLSKIE";"rok";"saldo migracji wewnętrznych";"2023";3800;"osoba";"";
1200000;"MAŁOPOLSKIE";"rok";"saldo migracji zagranicznych";"2005";30;"osoba";"";
1200000;"MAŁOPOLSKIE";"rok";"saldo migracji zagranicznych";"2006";-2017;"osoba";"";
1200000;"MAŁOPOLSKIE";"rok";"saldo migracji zagranicznych";"2007";-608;"osoba";"";
1200000;"MAŁOPOLSKIE";"rok";"saldo migracji zagranicznych";"2008";-558;"osoba";"";
1200000;"MAŁOPOLSKIE";"rok";"saldo migracji zagranicznych";"2009";765;"osoba";"";
1200000;"MAŁOPOLSKIE";"rok";"saldo migracji zagranicznych";"2010";735;"osoba";"";
1200000;"MAŁOPOLSKIE";"rok";"saldo migracji zagranicznych";"2011";517;"osoba";"";
1200000;"MAŁOPOLSKIE";"rok";"saldo migracji zagranicznych";"2012";223;"osoba";"";
1200000;"MAŁOPOLSKIE";"rok";"saldo migracji zagranicznych";"2013";-951;"osoba";"";
1200000;"MAŁOPOLSKIE";"rok";"saldo migracji zagranicznych";"2014";-625;"osoba";"";
1200000;"MAŁOPOLSKIE";"rok";"saldo migracji zagranicznych";"2015";0;"osoba";"x";
1200000;"MAŁOPOLSKIE";"rok";"saldo migracji zagranicznych";"2016";296;"osoba";"";
1200000;"MAŁOPOLSKIE";"rok";"saldo migracji zagranicznych";"2017";346;"osoba";"";
1200000;"MAŁOPOLSKIE";"rok";"saldo migracji zagranicznych";"2018";679;"osoba";"";
1200000;"MAŁOPOLSKIE";"rok";"saldo migracji zagranicznych";"2019";958;"osoba";"";
1200000;"MAŁOPOLSKIE";"rok";"saldo migracji zagranicznych";"2020";569;"osoba";"";
1200000;"MAŁOPOLSKIE";"rok";"saldo migracji zagranicznych";"2021";704;"osoba";"";
1200000;"MAŁOPOLSKIE";"rok";"saldo migracji zagranicznych";"2022";558;"osoba";"";
1200000;"MAŁOPOLSKIE";"rok";"saldo migracji zagranicznych";"2023";1412;"osoba";"";
1400000;"MAZOWIECKIE";"rok";"saldo migracji wewnętrznych";"2005";14520;"osoba";"";
1400000;"MAZOWIECKIE";"rok";"saldo migracji wewnętrznych";"2006";16268;"osoba";"";
1400000;"MAZOWIECKIE";"rok";"saldo migracji wewnętrznych";"2007";14946;"osoba";"";
1400000;"MAZOWIECKIE";"rok";"saldo migracji wewnętrznych";"2008";11119;"osoba";"";
1400000;"MAZOWIECKIE";"rok";"saldo migracji wewnętrznych";"2009";11471;"osoba";"";
1400000;"MAZOWIECKIE";"rok";"saldo migracji wewnętrznych";"2010";12687;"osoba";"";
1400000;"MAZOWIECKIE";"rok";"saldo migracji wewnętrznych";"2011";13700;"osoba";"";
1400000;"MAZOWIECKIE";"rok";"saldo migracji wewnętrznych";"2012";12802;"osoba";"";
1400000;"MAZOWIECKIE";"rok";"saldo migracji wewnętrznych";"2013";13457;"osoba";"";
1400000;"MAZOWIECKIE";"rok";"saldo migracji wewnętrznych";"2014";13141;"osoba";"";
1400000;"MAZOWIECKIE";"rok";"saldo migracji wewnętrznych";"2015";12385;"osoba";"";
1400000;"MAZOWIECKIE";"rok";"saldo migracji wewnętrznych";"2016";11167;"osoba";"";
1400000;"MAZOWIECKIE";"rok";"saldo migracji wewnętrznych";"2017";12029;"osoba";"";
1400000;"MAZOWIECKIE";"rok";"saldo migracji wewnętrznych";"2018";14686;"osoba";"";
1400000;"MAZOWIECKIE";"rok";"saldo migracji wewnętrznych";"2019";15777;"osoba";"";
1400000;"MAZOWIECKIE";"rok";"saldo migracji wewnętrznych";"2020";10448;"osoba";"";
1400000;"MAZOWIECKIE";"rok";"saldo migracji wewnętrznych";"2021";10834;"osoba";"";
1400000;"MAZOWIECKIE";"rok";"saldo migracji wewnętrznych";"2022";9368;"osoba";"";
1400000;"MAZOWIECKIE";"rok";"saldo migracji wewnętrznych";"2023";10217;"osoba";"";
1400000;"MAZOWIECKIE";"rok";"saldo migracji zagranicznych";"2005";565;"osoba";"";
1400000;"MAZOWIECKIE";"rok";"saldo migracji zagranicznych";"2006";-823;"osoba";"";
1400000;"MAZOWIECKIE";"rok";"saldo migracji zagranicznych";"2007";-112;"osoba";"";
1400000;"MAZOWIECKIE";"rok";"saldo migracji zagranicznych";"2008";326;"osoba";"";
1400000;"MAZOWIECKIE";"rok";"saldo migracji zagranicznych";"2009";817;"osoba";"";
1400000;"MAZOWIECKIE";"rok";"saldo migracji zagranicznych";"2010";690;"osoba";"";
1400000;"MAZOWIECKIE";"rok";"saldo migracji zagranicznych";"2011";654;"osoba";"";
1400000;"MAZOWIECKIE";"rok";"saldo migracji zagranicznych";"2012";485;"osoba";"";
1400000;"MAZOWIECKIE";"rok";"saldo migracji zagranicznych";"2013";-104;"osoba";"";
1400000;"MAZOWIECKIE";"rok";"saldo migracji zagranicznych";"2014";-33;"osoba";"";
1400000;"MAZOWIECKIE";"rok";"saldo migracji zagranicznych";"2015";0;"osoba";"x";
1400000;"MAZOWIECKIE";"rok";"saldo migracji zagranicznych";"2016";1783;"osoba";"";
1400000;"MAZOWIECKIE";"rok";"saldo migracji zagranicznych";"2017";1484;"osoba";"";
1400000;"MAZOWIECKIE";"rok";"saldo migracji zagranicznych";"2018";2016;"osoba";"";
1400000;"MAZOWIECKIE";"rok";"saldo migracji zagranicznych";"2019";2307;"osoba";"";
1400000;"MAZOWIECKIE";"rok";"saldo migracji zagranicznych";"2020";1749;"osoba";"";
1400000;"MAZOWIECKIE";"rok";"saldo migracji zagranicznych";"2021";2154;"osoba";"";
1400000;"MAZOWIECKIE";"rok";"saldo migracji zagranicznych";"2022";1906;"osoba";"";
1400000;"MAZOWIECKIE";"rok";"saldo migracji zagranicznych";"2023";2624;"osoba";"";
1600000;"OPOLSKIE";"rok";"saldo migracji wewnętrznych";"2005";-633;"osoba";"";
1600000;"OPOLSKIE";"rok";"saldo migracji wewnętrznych";"2006";-837;"osoba";"";
1600000;"OPOLSKIE";"rok";"saldo migracji wewnętrznych";"2007";-745;"osoba";"";
1600000;"OPOLSKIE";"rok";"saldo migracji wewnętrznych";"2008";-439;"osoba";"";
1600000;"OPOLSKIE";"rok";"saldo migracji wewnętrznych";"2009";-616;"osoba";"";
1600000;"OPOLSKIE";"rok";"saldo migracji wewnętrznych";"2010";-671;"osoba";"";
1600000;"OPOLSKIE";"rok";"saldo migracji wewnętrznych";"2011";-664;"osoba";"";
1600000;"OPOLSKIE";"rok";"saldo migracji wewnętrznych";"2012";-437;"osoba";"";
1600000;"OPOLSKIE";"rok";"saldo migracji wewnętrznych";"2013";-892;"osoba";"";
1600000;"OPOLSKIE";"rok";"saldo migracji wewnętrznych";"2014";-691;"osoba";"";
1600000;"OPOLSKIE";"rok";"saldo migracji wewnętrznych";"2015";-810;"osoba";"";
1600000;"OPOLSKIE";"rok";"saldo migracji wewnętrznych";"2016";-726;"osoba";"";
1600000;"OPOLSKIE";"rok";"saldo migracji wewnętrznych";"2017";-745;"osoba";"";
1600000;"OPOLSKIE";"rok";"saldo migracji wewnętrznych";"2018";-691;"osoba";"";
1600000;"OPOLSKIE";"rok";"saldo migracji wewnętrznych";"2019";-1007;"osoba";"";
1600000;"OPOLSKIE";"rok";"saldo migracji wewnętrznych";"2020";-747;"osoba";"";
1600000;"OPOLSKIE";"rok";"saldo migracji wewnętrznych";"2021";-764;"osoba";"";
1600000;"OPOLSKIE";"rok";"saldo migracji wewnętrznych";"2022";-732;"osoba";"";
1600000;"OPOLSKIE";"rok";"saldo migracji wewnętrznych";"2023";-954;"osoba";"";
1600000;"OPOLSKIE";"rok";"saldo migracji zagranicznych";"2005";-2552;"osoba";"";
1600000;"OPOLSKIE";"rok";"saldo migracji zagranicznych";"2006";-3961;"osoba";"";
1600000;"OPOLSKIE";"rok";"saldo migracji zagranicznych";"2007";-3317;"osoba";"";
1600000;"OPOLSKIE";"rok";"saldo migracji zagranicznych";"2008";-2896;"osoba";"";
1600000;"OPOLSKIE";"rok";"saldo migracji zagranicznych";"2009";-1107;"osoba";"";
1600000;"OPOLSKIE";"rok";"saldo migracji zagranicznych";"2010";-1122;"osoba";"";
1600000;"OPOLSKIE";"rok";"saldo migracji zagranicznych";"2011";-1594;"osoba";"";
1600000;"OPOLSKIE";"rok";"saldo migracji zagranicznych";"2012";-1736;"osoba";"";
1600000;"OPOLSKIE";"rok";"saldo migracji zagranicznych";"2013";-2439;"osoba";"";
1600000;"OPOLSKIE";"rok";"saldo migracji zagranicznych";"2014";-1569;"osoba";"";
1600000;"OPOLSKIE";"rok";"saldo migracji zagranicznych";"2015";0;"osoba";"x";
1600000;"OPOLSKIE";"rok";"saldo migracji zagranicznych";"2016";-644;"osoba";"";
1600000;"OPOLSKIE";"rok";"saldo migracji zagranicznych";"2017";-479;"osoba";"";
1600000;"OPOLSKIE";"rok";"saldo migracji zagranicznych";"2018";-584;"osoba";"";
1600000;"OPOLSKIE";"rok";"saldo migracji zagranicznych";"2019";-445;"osoba";"";
1600000;"OPOLSKIE";"rok";"saldo migracji zagranicznych";"2020";-372;"osoba";"";
1600000;"OPOLSKIE";"rok";"saldo migracji zagranicznych";"2021";-625;"osoba";"";
1600000;"OPOLSKIE";"rok";"saldo migracji zagranicznych";"2022";-484;"osoba";"";
1600000;"OPOLSKIE";"rok";"saldo migracji zagranicznych";"2023";-343;"osoba";"";
1800000;"PODKARPACKIE";"rok";"saldo migracji wewnętrznych";"2005";-2001;"osoba";"";
1800000;"PODKARPACKIE";"rok";"saldo migracji wewnętrznych";"2006";-1907;"osoba";"";
1800000;"PODKARPACKIE";"rok";"saldo migracji wewnętrznych";"2007";-2169;"osoba";"";
1800000;"PODKARPACKIE";"rok";"saldo migracji wewnętrznych";"2008";-1539;"osoba";"";
1800000;"PODKARPACKIE";"rok";"saldo migracji wewnętrznych";"2009";-1986;"osoba";"";
1800000;"PODKARPACKIE";"rok";"saldo migracji wewnętrznych";"2010";-1973;"osoba";"";
1800000;"PODKARPACKIE";"rok";"saldo migracji wewnętrznych";"2011";-2212;"osoba";"";
1800000;"PODKARPACKIE";"rok";"saldo migracji wewnętrznych";"2012";-1947;"osoba";"";
1800000;"PODKARPACKIE";"rok";"saldo migracji wewnętrznych";"2013";-2273;"osoba";"";
1800000;"PODKARPACKIE";"rok";"saldo migracji wewnętrznych";"2014";-1941;"osoba";"";
1800000;"PODKARPACKIE";"rok";"saldo migracji wewnętrznych";"2015";-2400;"osoba";"";
1800000;"PODKARPACKIE";"rok";"saldo migracji wewnętrznych";"2016";-2047;"osoba";"";
1800000;"PODKARPACKIE";"rok";"saldo migracji wewnętrznych";"2017";-2140;"osoba";"";
1800000;"PODKARPACKIE";"rok";"saldo migracji wewnętrznych";"2018";-3119;"osoba";"";
1800000;"PODKARPACKIE";"rok";"saldo migracji wewnętrznych";"2019";-3462;"osoba";"";
1800000;"PODKARPACKIE";"rok";"saldo migracji wewnętrznych";"2020";-2226;"osoba";"";
1800000;"PODKARPACKIE";"rok";"saldo migracji wewnętrznych";"2021";-2197;"osoba";"";
1800000;"PODKARPACKIE";"rok";"saldo migracji wewnętrznych";"2022";-2228;"osoba";"";
1800000;"PODKARPACKIE";"rok";"saldo migracji wewnętrznych";"2023";-2664;"osoba";"";
1800000;"PODKARPACKIE";"rok";"saldo migracji zagranicznych";"2005";-384;"osoba";"";
1800000;"PODKARPACKIE";"rok";"saldo migracji zagranicznych";"2006";-2083;"osoba";"";
1800000;"PODKARPACKIE";"rok";"saldo migracji zagranicznych";"2007";-984;"osoba";"";
1800000;"PODKARPACKIE";"rok";"saldo migracji zagranicznych";"2008";-772;"osoba";"";
1800000;"PODKARPACKIE";"rok";"saldo migracji zagranicznych";"2009";111;"osoba";"";
1800000;"PODKARPACKIE";"rok";"saldo migracji zagranicznych";"2010";44;"osoba";"";
1800000;"PODKARPACKIE";"rok";"saldo migracji zagranicznych";"2011";35;"osoba";"";
1800000;"PODKARPACKIE";"rok";"saldo migracji zagranicznych";"2012";0;"osoba";"z";
1800000;"PODKARPACKIE";"rok";"saldo migracji zagranicznych";"2013";-829;"osoba";"";
1800000;"PODKARPACKIE";"rok";"saldo migracji zagranicznych";"2014";-308;"osoba";"";
1800000;"PODKARPACKIE";"rok";"saldo migracji zagranicznych";"2015";0;"osoba";"x";
1800000;"PODKARPACKIE";"rok";"saldo migracji zagranicznych";"2016";408;"osoba";"";
1800000;"PODKARPACKIE";"rok";"saldo migracji zagranicznych";"2017";363;"osoba";"";
1800000;"PODKARPACKIE";"rok";"saldo migracji zagranicznych";"2018";378;"osoba";"";
1800000;"PODKARPACKIE";"rok";"saldo migracji zagranicznych";"2019";512;"osoba";"";
1800000;"PODKARPACKIE";"rok";"saldo migracji zagranicznych";"2020";270;"osoba";"";
1800000;"PODKARPACKIE";"rok";"saldo migracji zagranicznych";"2021";263;"osoba";"";
1800000;"PODKARPACKIE";"rok";"saldo migracji zagranicznych";"2022";139;"osoba";"";
1800000;"PODKARPACKIE";"rok";"saldo migracji zagranicznych";"2023";332;"osoba";"";
2000000;"PODLASKIE";"rok";"saldo migracji wewnętrznych";"2005";-1838;"osoba";"";
2000000;"PODLASKIE";"rok";"saldo migracji wewnętrznych";"2006";-1994;"osoba";"";
2000000;"PODLASKIE";"rok";"saldo migracji wewnętrznych";"2007";-2182;"osoba";"";
2000000;"PODLASKIE";"rok";"saldo migracji wewnętrznych";"2008";-1440;"osoba";"";
2000000;"PODLASKIE";"rok";"saldo migracji wewnętrznych";"2009";-1652;"osoba";"";
2000000;"PODLASKIE";"rok";"saldo migracji wewnętrznych";"2010";-1616;"osoba";"";
2000000;"PODLASKIE";"rok";"saldo migracji wewnętrznych";"2011";-1898;"osoba";"";
2000000;"PODLASKIE";"rok";"saldo migracji wewnętrznych";"2012";-1745;"osoba";"";
2000000;"PODLASKIE";"rok";"saldo migracji wewnętrznych";"2013";-2053;"osoba";"";
2000000;"PODLASKIE";"rok";"saldo migracji wewnętrznych";"2014";-1912;"osoba";"";
2000000;"PODLASKIE";"rok";"saldo migracji wewnętrznych";"2015";-1907;"osoba";"";
2000000;"PODLASKIE";"rok";"saldo migracji wewnętrznych";"2016";-1565;"osoba";"";
2000000;"PODLASKIE";"rok";"saldo migracji wewnętrznych";"2017";-1866;"osoba";"";
2000000;"PODLASKIE";"rok";"saldo migracji wewnętrznych";"2018";-2281;"osoba";"";
2000000;"PODLASKIE";"rok";"saldo migracji wewnętrznych";"2019";-2459;"osoba";"";
2000000;"PODLASKIE";"rok";"saldo migracji wewnętrznych";"2020";-1702;"osoba";"";
2000000;"PODLASKIE";"rok";"saldo migracji wewnętrznych";"2021";-1657;"osoba";"";
2000000;"PODLASKIE";"rok";"saldo migracji wewnętrznych";"2022";-1526;"osoba";"";
2000000;"PODLASKIE";"rok";"saldo migracji wewnętrznych";"2023";-1844;"osoba";"";
2000000;"PODLASKIE";"rok";"saldo migracji zagranicznych";"2005";-103;"osoba";"";
2000000;"PODLASKIE";"rok";"saldo migracji zagranicznych";"2006";-844;"osoba";"";
2000000;"PODLASKIE";"rok";"saldo migracji zagranicznych";"2007";-346;"osoba";"";
2000000;"PODLASKIE";"rok";"saldo migracji zagranicznych";"2008";-258;"osoba";"";
2000000;"PODLASKIE";"rok";"saldo migracji zagranicznych";"2009";-69;"osoba";"";
2000000;"PODLASKIE";"rok";"saldo migracji zagranicznych";"2010";100;"osoba";"";
2000000;"PODLASKIE";"rok";"saldo migracji zagranicznych";"2011";-76;"osoba";"";
2000000;"PODLASKIE";"rok";"saldo migracji zagranicznych";"2012";-63;"osoba";"";
2000000;"PODLASKIE";"rok";"saldo migracji zagranicznych";"2013";-458;"osoba";"";
2000000;"PODLASKIE";"rok";"saldo migracji zagranicznych";"2014";-337;"osoba";"";
2000000;"PODLASKIE";"rok";"saldo migracji zagranicznych";"2015";0;"osoba";"x";
2000000;"PODLASKIE";"rok";"saldo migracji zagranicznych";"2016";278;"osoba";"";
2000000;"PODLASKIE";"rok";"saldo migracji zagranicznych";"2017";165;"osoba";"";
2000000;"PODLASKIE";"rok";"saldo migracji zagranicznych";"2018";267;"osoba";"";
2000000;"PODLASKIE";"rok";"saldo migracji zagranicznych";"2019";427;"osoba";"";
2000000;"PODLASKIE";"rok";"saldo migracji zagranicznych";"2020";384;"osoba";"";
2000000;"PODLASKIE";"rok";"saldo migracji zagranicznych";"2021";443;"osoba";"";
2000000;"PODLASKIE";"rok";"saldo migracji zagranicznych";"2022";383;"osoba";"";
2000000;"PODLASKIE";"rok";"saldo migracji zagranicznych";"2023";474;"osoba";"";
2200000;"POMORSKIE";"rok";"saldo migracji wewnętrznych";"2005";2270;"osoba";"";
2200000;"POMORSKIE";"rok";"saldo migracji wewnętrznych";"2006";2341;"osoba";"";
2200000;"POMORSKIE";"rok";"saldo migracji wewnętrznych";"2007";2586;"osoba";"";
2200000;"POMORSKIE";"rok";"saldo migracji wewnętrznych";"2008";2151;"osoba";"";
2200000;"POMORSKIE";"rok";"saldo migracji wewnętrznych";"2009";2582;"osoba";"";
2200000;"POMORSKIE";"rok";"saldo migracji wewnętrznych";"2010";2749;"osoba";"";
2200000;"POMORSKIE";"rok";"saldo migracji wewnętrznych";"2011";2618;"osoba";"";
2200000;"POMORSKIE";"rok";"saldo migracji wewnętrznych";"2012";2437;"osoba";"";
2200000;"POMORSKIE";"rok";"saldo migracji wewnętrznych";"2013";3240;"osoba";"";
2200000;"POMORSKIE";"rok";"saldo migracji wewnętrznych";"2014";3059;"osoba";"";
2200000;"POMORSKIE";"rok";"saldo migracji wewnętrznych";"2015";3344;"osoba";"";
2200000;"POMORSKIE";"rok";"saldo migracji wewnętrznych";"2016";3485;"osoba";"";
2200000;"POMORSKIE";"rok";"saldo migracji wewnętrznych";"2017";3625;"osoba";"";
2200000;"POMORSKIE";"rok";"saldo migracji wewnętrznych";"2018";4920;"osoba";"";
2200000;"POMORSKIE";"rok";"saldo migracji wewnętrznych";"2019";5953;"osoba";"";
2200000;"POMORSKIE";"rok";"saldo migracji wewnętrznych";"2020";3825;"osoba";"";
2200000;"POMORSKIE";"rok";"saldo migracji wewnętrznych";"2021";4591;"osoba";"";
2200000;"POMORSKIE";"rok";"saldo migracji wewnętrznych";"2022";4047;"osoba";"";
2200000;"POMORSKIE";"rok";"saldo migracji wewnętrznych";"2023";4382;"osoba";"";
2200000;"POMORSKIE";"rok";"saldo migracji zagranicznych";"2005";-1197;"osoba";"";
2200000;"POMORSKIE";"rok";"saldo migracji zagranicznych";"2006";-3275;"osoba";"";
2200000;"POMORSKIE";"rok";"saldo migracji zagranicznych";"2007";-1343;"osoba";"";
2200000;"POMORSKIE";"rok";"saldo migracji zagranicznych";"2008";-835;"osoba";"";
2200000;"POMORSKIE";"rok";"saldo migracji zagranicznych";"2009";200;"osoba";"";
2200000;"POMORSKIE";"rok";"saldo migracji zagranicznych";"2010";-100;"osoba";"";
2200000;"POMORSKIE";"rok";"saldo migracji zagranicznych";"2011";-339;"osoba";"";
2200000;"POMORSKIE";"rok";"saldo migracji zagranicznych";"2012";-486;"osoba";"";
2200000;"POMORSKIE";"rok";"saldo migracji zagranicznych";"2013";-1377;"osoba";"";
2200000;"POMORSKIE";"rok";"saldo migracji zagranicznych";"2014";-1087;"osoba";"";
2200000;"POMORSKIE";"rok";"saldo migracji zagranicznych";"2015";0;"osoba";"x";
2200000;"POMORSKIE";"rok";"saldo migracji zagranicznych";"2016";47;"osoba";"";
2200000;"POMORSKIE";"rok";"saldo migracji zagranicznych";"2017";-39;"osoba";"";
2200000;"POMORSKIE";"rok";"saldo migracji zagranicznych";"2018";151;"osoba";"";
2200000;"POMORSKIE";"rok";"saldo migracji zagranicznych";"2019";383;"osoba";"";
2200000;"POMORSKIE";"rok";"saldo migracji zagranicznych";"2020";253;"osoba";"";
2200000;"POMORSKIE";"rok";"saldo migracji zagranicznych";"2021";169;"osoba";"";
2200000;"POMORSKIE";"rok";"saldo migracji zagranicznych";"2022";-124;"osoba";"";
2200000;"POMORSKIE";"rok";"saldo migracji zagranicznych";"2023";427;"osoba";"";
2400000;"ŚLĄSKIE";"rok";"saldo migracji wewnętrznych";"2005";-3075;"osoba";"";
2400000;"ŚLĄSKIE";"rok";"saldo migracji wewnętrznych";"2006";-3668;"osoba";"";
2400000;"ŚLĄSKIE";"rok";"saldo migracji wewnętrznych";"2007";-3578;"osoba";"";
2400000;"ŚLĄSKIE";"rok";"saldo migracji wewnętrznych";"2008";-2917;"osoba";"";
2400000;"ŚLĄSKIE";"rok";"saldo migracji wewnętrznych";"2009";-3163;"osoba";"";
2400000;"ŚLĄSKIE";"rok";"saldo migracji wewnętrznych";"2010";-3194;"osoba";"";
2400000;"ŚLĄSKIE";"rok";"saldo migracji wewnętrznych";"2011";-3652;"osoba";"";
2400000;"ŚLĄSKIE";"rok";"saldo migracji wewnętrznych";"2012";-3298;"osoba";"";
2400000;"ŚLĄSKIE";"rok";"saldo migracji wewnętrznych";"2013";-3880;"osoba";"";
2400000;"ŚLĄSKIE";"rok";"saldo migracji wewnętrznych";"2014";-3633;"osoba";"";
2400000;"ŚLĄSKIE";"rok";"saldo migracji wewnętrznych";"2015";-3449;"osoba";"";
2400000;"ŚLĄSKIE";"rok";"saldo migracji wewnętrznych";"2016";-3428;"osoba";"";
2400000;"ŚLĄSKIE";"rok";"saldo migracji wewnętrznych";"2017";-3260;"osoba";"";
2400000;"ŚLĄSKIE";"rok";"saldo migracji wewnętrznych";"2018";-4231;"osoba";"";
2400000;"ŚLĄSKIE";"rok";"saldo migracji wewnętrznych";"2019";-4275;"osoba";"";
2400000;"ŚLĄSKIE";"rok";"saldo migracji wewnętrznych";"2020";-3342;"osoba";"";
2400000;"ŚLĄSKIE";"rok";"saldo migracji wewnętrznych";"2021";-3690;"osoba";"";
2400000;"ŚLĄSKIE";"rok";"saldo migracji wewnętrznych";"2022";-3592;"osoba";"";
2400000;"ŚLĄSKIE";"rok";"saldo migracji wewnętrznych";"2023";-2611;"osoba";"";
2400000;"ŚLĄSKIE";"rok";"saldo migracji zagranicznych";"2005";-5623;"osoba";"";
2400000;"ŚLĄSKIE";"rok";"saldo migracji zagranicznych";"2006";-8521;"osoba";"";
2400000;"ŚLĄSKIE";"rok";"saldo migracji zagranicznych";"2007";-6312;"osoba";"";
2400000;"ŚLĄSKIE";"rok";"saldo migracji zagranicznych";"2008";-4240;"osoba";"";
2400000;"ŚLĄSKIE";"rok";"saldo migracji zagranicznych";"2009";-1634;"osoba";"";
2400000;"ŚLĄSKIE";"rok";"saldo migracji zagranicznych";"2010";-1744;"osoba";"";
2400000;"ŚLĄSKIE";"rok";"saldo migracji zagranicznych";"2011";-2020;"osoba";"";
2400000;"ŚLĄSKIE";"rok";"saldo migracji zagranicznych";"2012";-2604;"osoba";"";
2400000;"ŚLĄSKIE";"rok";"saldo migracji zagranicznych";"2013";-5438;"osoba";"";
2400000;"ŚLĄSKIE";"rok";"saldo migracji zagranicznych";"2014";-3531;"osoba";"";
2400000;"ŚLĄSKIE";"rok";"saldo migracji zagranicznych";"2015";0;"osoba";"x";
2400000;"ŚLĄSKIE";"rok";"saldo migracji zagranicznych";"2016";-1128;"osoba";"";
2400000;"ŚLĄSKIE";"rok";"saldo migracji zagranicznych";"2017";-986;"osoba";"";
2400000;"ŚLĄSKIE";"rok";"saldo migracji zagranicznych";"2018";-797;"osoba";"";
2400000;"ŚLĄSKIE";"rok";"saldo migracji zagranicznych";"2019";-442;"osoba";"";
2400000;"ŚLĄSKIE";"rok";"saldo migracji zagranicznych";"2020";-189;"osoba";"";
2400000;"ŚLĄSKIE";"rok";"saldo migracji zagranicznych";"2021";-793;"osoba";"";
2400000;"ŚLĄSKIE";"rok";"saldo migracji zagranicznych";"2022";-652;"osoba";"";
2400000;"ŚLĄSKIE";"rok";"saldo migracji zagranicznych";"2023";-98;"osoba";"";
2600000;"ŚWIĘTOKRZYSKIE";"rok";"saldo migracji wewnętrznych";"2005";-2234;"osoba";"";
2600000;"ŚWIĘTOKRZYSKIE";"rok";"saldo migracji wewnętrznych";"2006";-2795;"osoba";"";
2600000;"ŚWIĘTOKRZYSKIE";"rok";"saldo migracji wewnętrznych";"2007";-2629;"osoba";"";
2600000;"ŚWIĘTOKRZYSKIE";"rok";"saldo migracji wewnętrznych";"2008";-2016;"osoba";"";
2600000;"ŚWIĘTOKRZYSKIE";"rok";"saldo migracji wewnętrznych";"2009";-2184;"osoba";"";
2600000;"ŚWIĘTOKRZYSKIE";"rok";"saldo migracji wewnętrznych";"2010";-2567;"osoba";"";
2600000;"ŚWIĘTOKRZYSKIE";"rok";"saldo migracji wewnętrznych";"2011";-2408;"osoba";"";
2600000;"ŚWIĘTOKRZYSKIE";"rok";"saldo migracji wewnętrznych";"2012";-2180;"osoba";"";
2600000;"ŚWIĘTOKRZYSKIE";"rok";"saldo migracji wewnętrznych";"2013";-2618;"osoba";"";
2600000;"ŚWIĘTOKRZYSKIE";"rok";"saldo migracji wewnętrznych";"2014";-2464;"osoba";"";
2600000;"ŚWIĘTOKRZYSKIE";"rok";"saldo migracji wewnętrznych";"2015";-2268;"osoba";"";
2600000;"ŚWIĘTOKRZYSKIE";"rok";"saldo migracji wewnętrznych";"2016";-1971;"osoba";"";
2600000;"ŚWIĘTOKRZYSKIE";"rok";"saldo migracji wewnętrznych";"2017";-2426;"osoba";"";
2600000;"ŚWIĘTOKRZYSKIE";"rok";"saldo migracji wewnętrznych";"2018";-2628;"osoba";"";
2600000;"ŚWIĘTOKRZYSKIE";"rok";"saldo migracji wewnętrznych";"2019";-3719;"osoba";"";
2600000;"ŚWIĘTOKRZYSKIE";"rok";"saldo migracji wewnętrznych";"2020";-2143;"osoba";"";
2600000;"ŚWIĘTOKRZYSKIE";"rok";"saldo migracji wewnętrznych";"2021";-2421;"osoba";"";
2600000;"ŚWIĘTOKRZYSKIE";"rok";"saldo migracji wewnętrznych";"2022";-2270;"osoba";"";
2600000;"ŚWIĘTOKRZYSKIE";"rok";"saldo migracji wewnętrznych";"2023";-2766;"osoba";"";
2600000;"ŚWIĘTOKRZYSKIE";"rok";"saldo migracji zagranicznych";"2005";-15;"osoba";"";
2600000;"ŚWIĘTOKRZYSKIE";"rok";"saldo migracji zagranicznych";"2006";-688;"osoba";"";
2600000;"ŚWIĘTOKRZYSKIE";"rok";"saldo migracji zagranicznych";"2007";-287;"osoba";"";
2600000;"ŚWIĘTOKRZYSKIE";"rok";"saldo migracji zagranicznych";"2008";-317;"osoba";"";
2600000;"ŚWIĘTOKRZYSKIE";"rok";"saldo migracji zagranicznych";"2009";65;"osoba";"";
2600000;"ŚWIĘTOKRZYSKIE";"rok";"saldo migracji zagranicznych";"2010";22;"osoba";"";
2600000;"ŚWIĘTOKRZYSKIE";"rok";"saldo migracji zagranicznych";"2011";103;"osoba";"";
2600000;"ŚWIĘTOKRZYSKIE";"rok";"saldo migracji zagranicznych";"2012";52;"osoba";"";
2600000;"ŚWIĘTOKRZYSKIE";"rok";"saldo migracji zagranicznych";"2013";-191;"osoba";"";
2600000;"ŚWIĘTOKRZYSKIE";"rok";"saldo migracji zagranicznych";"2014";-106;"osoba";"";
2600000;"ŚWIĘTOKRZYSKIE";"rok";"saldo migracji zagranicznych";"2015";0;"osoba";"x";
2600000;"ŚWIĘTOKRZYSKIE";"rok";"saldo migracji zagranicznych";"2016";221;"osoba";"";
2600000;"ŚWIĘTOKRZYSKIE";"rok";"saldo migracji zagranicznych";"2017";201;"osoba";"";
2600000;"ŚWIĘTOKRZYSKIE";"rok";"saldo migracji zagranicznych";"2018";176;"osoba";"";
2600000;"ŚWIĘTOKRZYSKIE";"rok";"saldo migracji zagranicznych";"2019";257;"osoba";"";
2600000;"ŚWIĘTOKRZYSKIE";"rok";"saldo migracji zagranicznych";"2020";130;"osoba";"";
2600000;"ŚWIĘTOKRZYSKIE";"rok";"saldo migracji zagranicznych";"2021";93;"osoba";"";
2600000;"ŚWIĘTOKRZYSKIE";"rok";"saldo migracji zagranicznych";"2022";40;"osoba";"";
2600000;"ŚWIĘTOKRZYSKIE";"rok";"saldo migracji zagranicznych";"2023";68;"osoba";"";
2800000;"WARMIŃSKO-MAZURSKIE";"rok";"saldo migracji wewnętrznych";"2005";-2261;"osoba";"";
2800000;"WARMIŃSKO-MAZURSKIE";"rok";"saldo migracji wewnętrznych";"2006";-3128;"osoba";"";
2800000;"WARMIŃSKO-MAZURSKIE";"rok";"saldo migracji wewnętrznych";"2007";-2741;"osoba";"";
2800000;"WARMIŃSKO-MAZURSKIE";"rok";"saldo migracji wewnętrznych";"2008";-2360;"osoba";"";
2800000;"WARMIŃSKO-MAZURSKIE";"rok";"saldo migracji wewnętrznych";"2009";-2714;"osoba";"";
2800000;"WARMIŃSKO-MAZURSKIE";"rok";"saldo migracji wewnętrznych";"2010";-2721;"osoba";"";
2800000;"WARMIŃSKO-MAZURSKIE";"rok";"saldo migracji wewnętrznych";"2011";-2952;"osoba";"";
2800000;"WARMIŃSKO-MAZURSKIE";"rok";"saldo migracji wewnętrznych";"2012";-2413;"osoba";"";
2800000;"WARMIŃSKO-MAZURSKIE";"rok";"saldo migracji wewnętrznych";"2013";-2707;"osoba";"";
2800000;"WARMIŃSKO-MAZURSKIE";"rok";"saldo migracji wewnętrznych";"2014";-2794;"osoba";"";
2800000;"WARMIŃSKO-MAZURSKIE";"rok";"saldo migracji wewnętrznych";"2015";-2609;"osoba";"";
2800000;"WARMIŃSKO-MAZURSKIE";"rok";"saldo migracji wewnętrznych";"2016";-2703;"osoba";"";
2800000;"WARMIŃSKO-MAZURSKIE";"rok";"saldo migracji wewnętrznych";"2017";-2443;"osoba";"";
2800000;"WARMIŃSKO-MAZURSKIE";"rok";"saldo migracji wewnętrznych";"2018";-3397;"osoba";"";
2800000;"WARMIŃSKO-MAZURSKIE";"rok";"saldo migracji wewnętrznych";"2019";-3771;"osoba";"";
2800000;"WARMIŃSKO-MAZURSKIE";"rok";"saldo migracji wewnętrznych";"2020";-2113;"osoba";"";
2800000;"WARMIŃSKO-MAZURSKIE";"rok";"saldo migracji wewnętrznych";"2021";-2391;"osoba";"";
2800000;"WARMIŃSKO-MAZURSKIE";"rok";"saldo migracji wewnętrznych";"2022";-2067;"osoba";"";
2800000;"WARMIŃSKO-MAZURSKIE";"rok";"saldo migracji wewnętrznych";"2023";-2203;"osoba";"";
2800000;"WARMIŃSKO-MAZURSKIE";"rok";"saldo migracji zagranicznych";"2005";-837;"osoba";"";
2800000;"WARMIŃSKO-MAZURSKIE";"rok";"saldo migracji zagranicznych";"2006";-1927;"osoba";"";
2800000;"WARMIŃSKO-MAZURSKIE";"rok";"saldo migracji zagranicznych";"2007";-1051;"osoba";"";
2800000;"WARMIŃSKO-MAZURSKIE";"rok";"saldo migracji zagranicznych";"2008";-739;"osoba";"";
2800000;"WARMIŃSKO-MAZURSKIE";"rok";"saldo migracji zagranicznych";"2009";-70;"osoba";"";
2800000;"WARMIŃSKO-MAZURSKIE";"rok";"saldo migracji zagranicznych";"2010";15;"osoba";"";
2800000;"WARMIŃSKO-MAZURSKIE";"rok";"saldo migracji zagranicznych";"2011";-44;"osoba";"";
2800000;"WARMIŃSKO-MAZURSKIE";"rok";"saldo migracji zagranicznych";"2012";-174;"osoba";"";
2800000;"WARMIŃSKO-MAZURSKIE";"rok";"saldo migracji zagranicznych";"2013";-991;"osoba";"";
2800000;"WARMIŃSKO-MAZURSKIE";"rok";"saldo migracji zagranicznych";"2014";-782;"osoba";"";
2800000;"WARMIŃSKO-MAZURSKIE";"rok";"saldo migracji zagranicznych";"2015";0;"osoba";"x";
2800000;"WARMIŃSKO-MAZURSKIE";"rok";"saldo migracji zagranicznych";"2016";-271;"osoba";"";
2800000;"WARMIŃSKO-MAZURSKIE";"rok";"saldo migracji zagranicznych";"2017";-299;"osoba";"";
2800000;"WARMIŃSKO-MAZURSKIE";"rok";"saldo migracji zagranicznych";"2018";-107;"osoba";"";
2800000;"WARMIŃSKO-MAZURSKIE";"rok";"saldo migracji zagranicznych";"2019";21;"osoba";"";
2800000;"WARMIŃSKO-MAZURSKIE";"rok";"saldo migracji zagranicznych";"2020";22;"osoba";"";
2800000;"WARMIŃSKO-MAZURSKIE";"rok";"saldo migracji zagranicznych";"2021";-172;"osoba";"";
2800000;"WARMIŃSKO-MAZURSKIE";"rok";"saldo migracji zagranicznych";"2022";-191;"osoba";"";
2800000;"WARMIŃSKO-MAZURSKIE";"rok";"saldo migracji zagranicznych";"2023";-57;"osoba";"";
3000000;"WIELKOPOLSKIE";"rok";"saldo migracji wewnętrznych";"2005";2523;"osoba";"";
3000000;"WIELKOPOLSKIE";"rok";"saldo migracji wewnętrznych";"2006";2416;"osoba";"";
3000000;"WIELKOPOLSKIE";"rok";"saldo migracji wewnętrznych";"2007";3126;"osoba";"";
3000000;"WIELKOPOLSKIE";"rok";"saldo migracji wewnętrznych";"2008";2004;"osoba";"";
3000000;"WIELKOPOLSKIE";"rok";"saldo migracji wewnętrznych";"2009";1852;"osoba";"";
3000000;"WIELKOPOLSKIE";"rok";"saldo migracji wewnętrznych";"2010";1706;"osoba";"";
3000000;"WIELKOPOLSKIE";"rok";"saldo migracji wewnętrznych";"2011";1887;"osoba";"";
3000000;"WIELKOPOLSKIE";"rok";"saldo migracji wewnętrznych";"2012";1361;"osoba";"";
3000000;"WIELKOPOLSKIE";"rok";"saldo migracji wewnętrznych";"2013";1645;"osoba";"";
3000000;"WIELKOPOLSKIE";"rok";"saldo migracji wewnętrznych";"2014";1381;"osoba";"";
3000000;"WIELKOPOLSKIE";"rok";"saldo migracji wewnętrznych";"2015";1207;"osoba";"";
3000000;"WIELKOPOLSKIE";"rok";"saldo migracji wewnętrznych";"2016";983;"osoba";"";
3000000;"WIELKOPOLSKIE";"rok";"saldo migracji wewnętrznych";"2017";1015;"osoba";"";
3000000;"WIELKOPOLSKIE";"rok";"saldo migracji wewnętrznych";"2018";1121;"osoba";"";
3000000;"WIELKOPOLSKIE";"rok";"saldo migracji wewnętrznych";"2019";1203;"osoba";"";
3000000;"WIELKOPOLSKIE";"rok";"saldo migracji wewnętrznych";"2020";1491;"osoba";"";
3000000;"WIELKOPOLSKIE";"rok";"saldo migracji wewnętrznych";"2021";1799;"osoba";"";
3000000;"WIELKOPOLSKIE";"rok";"saldo migracji wewnętrznych";"2022";1271;"osoba";"";
3000000;"WIELKOPOLSKIE";"rok";"saldo migracji wewnętrznych";"2023";1500;"osoba";"";
3000000;"WIELKOPOLSKIE";"rok";"saldo migracji zagranicznych";"2005";-222;"osoba";"";
3000000;"WIELKOPOLSKIE";"rok";"saldo migracji zagranicznych";"2006";-1889;"osoba";"";
3000000;"WIELKOPOLSKIE";"rok";"saldo migracji zagranicznych";"2007";-1254;"osoba";"";
3000000;"WIELKOPOLSKIE";"rok";"saldo migracji zagranicznych";"2008";-876;"osoba";"";
3000000;"WIELKOPOLSKIE";"rok";"saldo migracji zagranicznych";"2009";-284;"osoba";"";
3000000;"WIELKOPOLSKIE";"rok";"saldo migracji zagranicznych";"2010";-433;"osoba";"";
3000000;"WIELKOPOLSKIE";"rok";"saldo migracji zagranicznych";"2011";-482;"osoba";"";
3000000;"WIELKOPOLSKIE";"rok";"saldo migracji zagranicznych";"2012";-727;"osoba";"";
3000000;"WIELKOPOLSKIE";"rok";"saldo migracji zagranicznych";"2013";-1479;"osoba";"";
3000000;"WIELKOPOLSKIE";"rok";"saldo migracji zagranicznych";"2014";-1308;"osoba";"";
3000000;"WIELKOPOLSKIE";"rok";"saldo migracji zagranicznych";"2015";0;"osoba";"x";
3000000;"WIELKOPOLSKIE";"rok";"saldo migracji zagranicznych";"2016";76;"osoba";"";
3000000;"WIELKOPOLSKIE";"rok";"saldo migracji zagranicznych";"2017";128;"osoba";"";
3000000;"WIELKOPOLSKIE";"rok";"saldo migracji zagranicznych";"2018";161;"osoba";"";
3000000;"WIELKOPOLSKIE";"rok";"saldo migracji zagranicznych";"2019";257;"osoba";"";
3000000;"WIELKOPOLSKIE";"rok";"saldo migracji zagranicznych";"2020";266;"osoba";"";
3000000;"WIELKOPOLSKIE";"rok";"saldo migracji zagranicznych";"2021";201;"osoba";"";
3000000;"WIELKOPOLSKIE";"rok";"saldo migracji zagranicznych";"2022";130;"osoba";"";
3000000;"WIELKOPOLSKIE";"rok";"saldo migracji zagranicznych";"2023";529;"osoba";"";
3200000;"ZACHODNIOPOMORSKIE";"rok";"saldo migracji wewnętrznych";"2005";-1040;"osoba";"";
3200000;"ZACHODNIOPOMORSKIE";"rok";"saldo migracji wewnętrznych";"2006";-1328;"osoba";"";
3200000;"ZACHODNIOPOMORSKIE";"rok";"saldo migracji wewnętrznych";"2007";-1545;"osoba";"";
3200000;"ZACHODNIOPOMORSKIE";"rok";"saldo migracji wewnętrznych";"2008";-1151;"osoba";"";
3200000;"ZACHODNIOPOMORSKIE";"rok";"saldo migracji wewnętrznych";"2009";-990;"osoba";"";
3200000;"ZACHODNIOPOMORSKIE";"rok";"saldo migracji wewnętrznych";"2010";-1111;"osoba";"";
3200000;"ZACHODNIOPOMORSKIE";"rok";"saldo migracji wewnętrznych";"2011";-971;"osoba";"";
3200000;"ZACHODNIOPOMORSKIE";"rok";"saldo migracji wewnętrznych";"2012";-1039;"osoba";"";
3200000;"ZACHODNIOPOMORSKIE";"rok";"saldo migracji wewnętrznych";"2013";-665;"osoba";"";
3200000;"ZACHODNIOPOMORSKIE";"rok";"saldo migracji wewnętrznych";"2014";-920;"osoba";"";
3200000;"ZACHODNIOPOMORSKIE";"rok";"saldo migracji wewnętrznych";"2015";-732;"osoba";"";
3200000;"ZACHODNIOPOMORSKIE";"rok";"saldo migracji wewnętrznych";"2016";-624;"osoba";"";
3200000;"ZACHODNIOPOMORSKIE";"rok";"saldo migracji wewnętrznych";"2017";-808;"osoba";"";
3200000;"ZACHODNIOPOMORSKIE";"rok";"saldo migracji wewnętrznych";"2018";-943;"osoba";"";
3200000;"ZACHODNIOPOMORSKIE";"rok";"saldo migracji wewnętrznych";"2019";-884;"osoba";"";
3200000;"ZACHODNIOPOMORSKIE";"rok";"saldo migracji wewnętrznych";"2020";-747;"osoba";"";
3200000;"ZACHODNIOPOMORSKIE";"rok";"saldo migracji wewnętrznych";"2021";-946;"osoba";"";
3200000;"ZACHODNIOPOMORSKIE";"rok";"saldo migracji wewnętrznych";"2022";-577;"osoba";"";
3200000;"ZACHODNIOPOMORSKIE";"rok";"saldo migracji wewnętrznych";"2023";-799;"osoba";"";
3200000;"ZACHODNIOPOMORSKIE";"rok";"saldo migracji zagranicznych";"2005";-683;"osoba";"";
3200000;"ZACHODNIOPOMORSKIE";"rok";"saldo migracji zagranicznych";"2006";-474;"osoba";"";
3200000;"ZACHODNIOPOMORSKIE";"rok";"saldo migracji zagranicznych";"2007";-227;"osoba";"";
3200000;"ZACHODNIOPOMORSKIE";"rok";"saldo migracji zagranicznych";"2008";-265;"osoba";"";
3200000;"ZACHODNIOPOMORSKIE";"rok";"saldo migracji zagranicznych";"2009";147;"osoba";"";
3200000;"ZACHODNIOPOMORSKIE";"rok";"saldo migracji zagranicznych";"2010";174;"osoba";"";
3200000;"ZACHODNIOPOMORSKIE";"rok";"saldo migracji zagranicznych";"2011";116;"osoba";"";
3200000;"ZACHODNIOPOMORSKIE";"rok";"saldo migracji zagranicznych";"2012";206;"osoba";"";
3200000;"ZACHODNIOPOMORSKIE";"rok";"saldo migracji zagranicznych";"2013";-375;"osoba";"";
3200000;"ZACHODNIOPOMORSKIE";"rok";"saldo migracji zagranicznych";"2014";-1452;"osoba";"";
3200000;"ZACHODNIOPOMORSKIE";"rok";"saldo migracji zagranicznych";"2015";0;"osoba";"x";
3200000;"ZACHODNIOPOMORSKIE";"rok";"saldo migracji zagranicznych";"2016";-380;"osoba";"";
3200000;"ZACHODNIOPOMORSKIE";"rok";"saldo migracji zagranicznych";"2017";-191;"osoba";"";
3200000;"ZACHODNIOPOMORSKIE";"rok";"saldo migracji zagranicznych";"2018";-60;"osoba";"";
3200000;"ZACHODNIOPOMORSKIE";"rok";"saldo migracji zagranicznych";"2019";147;"osoba";"";
3200000;"ZACHODNIOPOMORSKIE";"rok";"saldo migracji zagranicznych";"2020";146;"osoba";"";
3200000;"ZACHODNIOPOMORSKIE";"rok";"saldo migracji zagranicznych";"2021";189;"osoba";"";
3200000;"ZACHODNIOPOMORSKIE";"rok";"saldo migracji zagranicznych";"2022";68;"osoba";"";
3200000;"ZACHODNIOPOMORSKIE";"rok";"saldo migracji zagranicznych";"2023";215;"osoba";"";
